,0,1,2
0,0.8061272184145134,0.6804825879385753,-0.7550298776911303
1,-1.502992404110541,-1.5673185475604625,-0.2034779378883415
2,-1.2188966371409862,0.8734645390838582,-1.060855918795573
3,-1.0142399708880367,0.8734645390838582,0.2978637563599861
4,-1.1246468566297594,0.8734645390838582,-0.435129752605513
5,-1.385853391189445,0.8734645390838582,-2.169285127475108
6,1.0215552881544603,-1.5673185475604625,-0.03230664622540738
7,0.8061272184145134,0.6804825879385753,-0.7740489100981229
8,-1.3750819877024476,0.8734645390838582,-2.0977735656248155
9,1.0215552881544603,-1.5673185475604625,-0.7360108452841375
10,0.9596197181042255,0.24188724442656787,1.527254011147995
11,0.8061272184145134,0.6804825879385753,-1.1354105258309846
12,0.4291280963696067,0.24188724442656787,-1.282808026985178
13,0.7280345431337829,0.24188724442656787,0.3005264208969652
14,1.0215552881544603,-1.5673185475604625,0.6333594880193377
15,0.5826205960593188,0.24188724442656787,-0.4697443915862397
16,-0.871518874685322,0.8734645390838582,1.245391950876363
17,-1.3804676894459462,0.8734645390838582,-2.1335293465499623
18,1.0215552881544603,-1.5673185475604625,-0.5838585860281958
19,0.8061272184145134,0.6804825879385753,0.19592174265850537
20,-1.04116847960553,0.8734645390838582,0.11908485173425483
21,1.0215552881544603,-1.5673185475604625,0.7094356176473087
22,-0.7341834802261059,0.8734645390838582,2.1571643644675937
23,1.0215552881544603,-1.5673185475604625,-0.9642392341680502
24,1.0215552881544603,-1.5673185475604625,-0.507782456400225
25,1.0215552881544603,-1.5673185475604625,0.024750450995570807
26,0.45605660508710016,0.24188724442656787,-1.1401652839327328
27,0.8869127445669936,0.24188724442656787,1.142118604906393
28,0.37796392980636945,0.24188724442656787,-1.5538292387848243
29,0.4210495437543586,0.24188724442656787,-1.3256008499009118
30,1.0215552881544603,-1.5673185475604625,0.1578836778445199
31,0.7926629640557671,0.24188724442656787,0.6428690042228339
32,-1.1623467688342501,0.8734645390838582,-0.6854202190815369
33,0.8061272184145134,0.6804825879385753,1.1278543306011481
34,0.7549630518512762,0.24188724442656787,0.4431691639494104
35,-1.0627112865795247,0.8734645390838582,-0.023938271966330665
36,-0.7584191380718499,0.8734645390838582,1.9962633503044354
37,-1.502992404110541,-1.5673185475604625,0.5763023907983595
38,0.8061272184145134,0.6804825879385753,1.1658923954151337
39,-1.502992404110541,-1.5673185475604625,-0.16543987307435606
40,-1.1892752775517434,0.8734645390838582,-0.8641991237072684
41,0.8707556393364975,0.24188724442656787,1.0565329590749255
42,-0.7718833924305967,0.8734645390838582,1.90687389799157
43,0.5772348943158201,0.24188724442656787,-0.49827294019672863
44,0.8438271306190043,0.24188724442656787,0.9138902160224801
45,0.8061272184145134,0.6804825879385753,-0.05132567863240011
46,0.6283990608790575,0.24188724442656787,-0.22725172839708274
47,-1.138111110988506,0.8734645390838582,-0.5245192049183787
48,-1.3993176455481917,0.8734645390838582,-2.258674579787974
49,-1.2404394441149809,0.8734645390838582,-1.2038790424961585
50,-1.0169328217597862,0.8734645390838582,0.2799858658974132
51,0.7791987096970202,0.24188724442656787,0.5715476326966115
52,-1.0357827778620314,0.8734645390838582,0.15484063265940098
53,0.38065678067811876,0.24188724442656787,-1.5395649644795797
54,-0.7449548837131033,0.8734645390838582,2.085652802617301
55,0.8061272184145134,0.6804825879385753,-0.08936374344638556
56,1.0215552881544603,-1.5673185475604625,1.2990256222640824
57,-1.502992404110541,-1.5673185475604625,0.5953214232053523
58,1.0215552881544603,-1.5673185475604625,-0.6979727804701522
59,1.0215552881544603,-1.5673185475604625,0.5953214232053523
60,0.8061272184145134,0.6804825879385753,0.5763023907983595
61,-1.0573255848360261,0.8734645390838582,0.01181750895881592
62,-0.9657686551965486,0.8734645390838582,0.6196657846863027
63,0.5206850260090841,0.24188724442656787,-0.797822700606864
64,-1.3373820754979568,0.8734645390838582,-1.8474830991487916
65,-1.216203786269237,0.8734645390838582,-1.0429780283330001
66,-1.127339707501509,0.8734645390838582,-0.45300764306808605
67,1.0215552881544603,-1.5673185475604625,1.146873363008141
68,-1.0923326461687675,0.8734645390838582,-0.2205950670546352
69,-0.8607474711983247,0.8734645390838582,1.3169035127266557
70,-1.208125233653989,0.8734645390838582,-0.9893443569452807
71,0.4910636664198415,0.24188724442656787,-0.9547297179645539
72,1.0215552881544603,-1.5673185475604625,-1.2495247202729407
73,1.0215552881544603,-1.5673185475604625,0.25297883987948355
74,0.8061272184145134,0.6804825879385753,-1.5157911739708387
75,0.41566384201086004,0.24188724442656787,-1.3541293985114007
76,-1.502992404110541,-1.5673185475604625,0.8425688444962574
77,-0.9092187868898127,0.8734645390838582,0.995101484400339
78,-1.502992404110541,-1.5673185475604625,0.11984561303053445
79,-0.7611119889435993,0.8734645390838582,1.9783854598418624
80,-1.2242823388844848,0.8734645390838582,-1.0966116997207196
81,1.0215552881544603,-1.5673185475604625,0.4431691639494104
82,-0.7530334363283512,0.8734645390838582,2.032019131229582
83,-1.251210847601978,0.8734645390838582,-1.275390604346451
84,-0.7934261994045914,0.8734645390838582,1.7638507742909846
85,0.4452852016001028,0.24188724442656787,-1.1972223811537108
86,-1.502992404110541,-1.5673185475604625,0.7284546500543013
87,1.0215552881544603,-1.5673185475604625,-0.640915683249174
88,-1.3346892246262076,0.8734645390838582,-1.8296052086862187
89,-1.502992404110541,-1.5673185475604625,1.0137401361591918
90,1.0215552881544603,-1.5673185475604625,0.8806069093102428
91,0.5233778768808336,0.24188724442656787,-0.7835584263016193
92,1.0215552881544603,-1.5673185475604625,-0.3936682619582688
93,-1.1057969005275143,0.8734645390838582,-0.3099845193675008
94,0.8303628762602574,0.24188724442656787,0.8425688444962574
95,-0.7476477345848526,0.8734645390838582,2.0677749121547278
96,0.3887353332933668,0.24188724442656787,-1.4967721415638462
97,0.5287635786243321,0.24188724442656787,-0.7550298776911303
98,-1.0519398830925275,0.8734645390838582,0.04757328988396208
99,-1.1677324705777488,0.8734645390838582,-0.7211760000066834
100,-0.944225848222554,0.8734645390838582,0.7626889083868883
101,0.7118774379032868,0.24188724442656787,0.2149407750654981
102,0.5637706399570734,0.24188724442656787,-0.5695943117229515
103,0.4587494559588495,0.24188724442656787,-1.1259010096274882
104,-1.502992404110541,-1.5673185475604625,-0.4126872943652615
105,-0.9873114621705434,0.8734645390838582,0.4766426609857177
106,0.7334202448772815,0.24188724442656787,0.32905496950745444
107,-0.8688260238135727,0.8734645390838582,1.2632698413389363
108,1.0215552881544603,-1.5673185475604625,1.2039304602291192
109,-1.3885462420611943,0.8734645390838582,-2.1871630179376815
110,0.8061272184145134,0.6804825879385753,-0.640915683249174
111,1.0215552881544603,-1.5673185475604625,-0.48876342399323247
112,0.5987777012898148,0.24188724442656787,-0.38415874575477243
113,0.8761413410799965,0.24188724442656787,1.0850615076854147
114,-0.8311261116090819,0.8734645390838582,1.5135603078149602
115,1.0215552881544603,-1.5673185475604625,1.394120784299046
116,-1.361617733343701,0.8734645390838582,-2.00838411331195
117,-0.911911637761562,0.8734645390838582,0.977223593937766
118,-0.9549972517095513,0.8734645390838582,0.6911773465365956
119,0.42374239462610813,0.24188724442656787,-1.3113365755956672
120,-1.2296680406279836,0.8734645390838582,-1.1323674806458657
121,-0.8176618572503354,0.8734645390838582,1.6029497601278262
122,0.6876417800575428,0.24188724442656787,0.08656230631829707
123,0.47759941206109485,0.24188724442656787,-1.0260510894907766
124,0.8599842358495003,0.24188724442656787,0.9994758618539472
125,-1.3481534789849543,0.8734645390838582,-1.9189946609990844
126,0.8061272184145134,0.6804825879385753,-0.9262011693540648
127,0.8061272184145134,0.6804825879385753,-0.07034471103939284
128,1.0215552881544603,-1.5673185475604625,0.4621881963564031
129,1.0215552881544603,-1.5673185475604625,-0.14642084066736333
130,0.5664634908288227,0.24188724442656787,-0.5553300374177068
131,1.0215552881544603,-1.5673185475604625,-1.1163914934239918
132,0.8357485780037565,0.24188724442656787,0.8710973931067466
133,0.9353840602584816,0.24188724442656787,1.3988755424007946
134,-1.0277042252467834,0.8734645390838582,0.20847430404712045
135,0.7091845870315375,0.24188724442656787,0.20067650076025345
136,1.0215552881544603,-1.5673185475604625,0.5572833583913668
137,-1.502992404110541,-1.5673185475604625,-0.1083827758533783
138,0.4264352454978574,0.24188724442656787,-1.2970723012904226
139,0.4668280085740975,0.24188724442656787,-1.0831081867117547
140,0.8061272184145134,0.6804825879385753,0.86158787690325
141,0.8061272184145134,0.6804825879385753,0.9566830389382137
142,1.0215552881544603,-1.5673185475604625,-0.8311060073191011
143,1.0215552881544603,-1.5673185475604625,-0.31759213233029787
144,0.8061272184145134,0.6804825879385753,-1.040315363796021
145,1.0215552881544603,-1.5673185475604625,-0.5458205212142104
146,1.0215552881544603,-1.5673185475604625,-0.2034779378883415
147,-1.2754465054477222,0.8734645390838582,-1.4362916185096093
148,-1.2377465932432314,0.8734645390838582,-1.1860011520335851
149,-1.402010496419941,0.8734645390838582,-2.276552470250547
150,-0.7772690941740953,0.8734645390838582,1.8711181170664235
151,-1.502992404110541,-1.5673185475604625,0.538264325984374
152,-1.502992404110541,-1.5673185475604625,0.1388646454375272
153,0.8061272184145134,0.6804825879385753,-1.2114866554589554
154,-1.0546327339642767,0.8734645390838582,0.02969539942138879
155,0.8061272184145134,0.6804825879385753,0.7094356176473087
156,0.8061272184145134,0.6804825879385753,-1.0022772989820354
157,0.8061272184145134,0.6804825879385753,-0.31759213233029787
158,-0.8445903659678287,0.8734645390838582,1.4241708555020947
159,0.6903346309292921,0.24188724442656787,0.10082658062354172
160,-0.8849831290440687,0.8734645390838582,1.1560024985634973
161,0.913841253284487,0.24188724442656787,1.2847613479588382
162,1.0215552881544603,-1.5673185475604625,0.17690271025151263
163,-0.8257404098655833,0.8734645390838582,1.5493160887401067
164,-1.502992404110541,-1.5673185475604625,0.081807548216549
165,0.8061272184145134,0.6804825879385753,-0.6028776184351886
166,-1.3966247946764425,0.8734645390838582,-2.240796689325401
167,0.5476135347265775,0.24188724442656787,-0.6551799575544185
168,0.3914281841651161,0.24188724442656787,-1.4825078672586016
169,-1.502992404110541,-1.5673185475604625,0.005731418588578077
170,0.8061272184145134,0.6804825879385753,-0.14642084066736333
171,0.7037988852880389,0.24188724442656787,0.17214795214976455
172,-0.9011402342745647,0.8734645390838582,1.0487351557880584
173,1.0215552881544603,-1.5673185475604625,0.19592174265850537
174,1.0215552881544603,-1.5673185475604625,-0.450725359179247
175,0.8061272184145134,0.6804825879385753,-1.2495247202729407
176,0.8061272184145134,0.6804825879385753,-1.572848271191817
177,0.8061272184145134,0.6804825879385753,0.024750450995570807
178,0.6230133591355588,0.24188724442656787,-0.2557802770075716
179,1.0215552881544603,-1.5673185475604625,0.06278851580955626
180,-1.1031040496557647,0.8734645390838582,-0.2921066289049275
181,0.38604248242161726,0.24188724442656787,-1.5110364158690905
182,0.8195914727732603,0.24188724442656787,0.7855117472752795
183,0.8061272184145134,0.6804825879385753,0.1388646454375272
184,-1.1165683040145113,0.8734645390838582,-0.38149608121779355
185,-1.502992404110541,-1.5673185475604625,0.32905496950745444
186,0.763041604466524,0.24188724442656787,0.48596198686514397
187,-1.502992404110541,-1.5673185475604625,-0.37464922955127605
188,0.8384414288755057,0.24188724442656787,0.8853616674119913
189,0.8034343675427641,0.24188724442656787,0.6999261014438121
190,-1.089639795297018,0.8734645390838582,-0.2027171765920619
191,0.5072207716503374,0.24188724442656787,-0.8691440721330866
192,-1.1004111987840155,0.8734645390838582,-0.2742287384423546
193,0.4345137981131055,0.24188724442656787,-1.2542794783746891
194,0.5260707277525828,0.24188724442656787,-0.7692941519963749
195,-0.7961190502763407,0.8734645390838582,1.7459728838284116
196,0.5152993242655854,0.24188724442656787,-0.826351249217353
197,-1.502992404110541,-1.5673185475604625,0.937664006531221
198,-1.502992404110541,-1.5673185475604625,0.23395980747249082
199,-1.502992404110541,-1.5673185475604625,1.1849114278221264
200,1.0215552881544603,-1.5673185475604625,-0.07034471103939284
201,0.8061272184145134,0.6804825879385753,0.9186449741242282
202,-1.3589248824719515,0.8734645390838582,-1.9905062228493766
203,0.6526347187248017,0.24188724442656787,-0.09887325964988172
204,1.0215552881544603,-1.5673185475604625,0.10082658062354172
205,0.8061272184145134,0.6804825879385753,0.005731418588578077
206,0.7684273062100231,0.24188724442656787,0.5144905354756333
207,0.8949912971822415,0.24188724442656787,1.1849114278221264
208,1.0215552881544603,-1.5673185475604625,1.0517782009731773
209,0.9515411654889777,0.24188724442656787,1.4844611882322616
210,-1.1488825144755037,0.8734645390838582,-0.5960307667686712
211,0.8976841480539908,0.24188724442656787,1.1991757021273706
212,-1.502992404110541,-1.5673185475604625,0.7855117472752795
213,0.8061272184145134,0.6804825879385753,-0.450725359179247
214,-1.502992404110541,-1.5673185475604625,1.0327591685661845
215,-1.3670034350871996,0.8734645390838582,-2.0441398942370963
216,0.8061272184145134,0.6804825879385753,0.2149407750654981
217,-1.0842540935535194,0.8734645390838582,-0.16696139566691573
218,0.41835669288260935,0.24188724442656787,-1.3398651242061563
219,0.8061272184145134,0.6804825879385753,0.081807548216549
220,0.6337847626225561,0.24188724442656787,-0.19872317978659343
221,0.5018350699068388,0.24188724442656787,-0.8976726207435757
222,-1.0815612426817702,0.8734645390838582,-0.14908350520434244
223,-1.502992404110541,-1.5673185475604625,-0.35563019714428334
224,0.8061272184145134,0.6804825879385753,-0.24151600270232698
225,1.0215552881544603,-1.5673185475604625,0.23395980747249082
226,0.8061272184145134,0.6804825879385753,1.146873363008141
227,1.0215552881544603,-1.5673185475604625,-0.24151600270232698
228,-0.9523044008378021,0.8734645390838582,0.7090552369991688
229,-1.502992404110541,-1.5673185475604625,0.5192452935773814
230,0.8626770867212497,0.24188724442656787,1.0137401361591918
231,0.5583849382135748,0.24188724442656787,-0.5981228603334405
232,0.5099136225220867,0.24188724442656787,-0.854879797827842
233,-0.8284332607373327,0.8734645390838582,1.5314381982775338
234,0.3671925263193721,0.24188724442656787,-1.6108863360058023
235,1.0215552881544603,-1.5673185475604625,-0.716991812877145
236,0.43989949985660404,0.24188724442656787,-1.2257509297642
237,0.9165341041562362,0.24188724442656787,1.2990256222640824
238,-0.7638048398153485,0.8734645390838582,1.9605075693792886
239,-1.2108180845257381,0.8734645390838582,-1.0072222474078536
240,-1.1758110231929968,0.8734645390838582,-0.7748096713944028
241,0.5449206838548283,0.24188724442656787,-0.6694442318596632
242,0.8276700253885081,0.24188724442656787,0.8283045701910131
243,-1.502992404110541,-1.5673185475604625,-0.08936374344638556
244,1.0215552881544603,-1.5673185475604625,-1.1544295582379773
245,0.8061272184145134,0.6804825879385753,-1.1544295582379773
246,0.8061272184145134,0.6804825879385753,0.4621881963564031
247,-1.3427677772414557,0.8734645390838582,-1.8832388800739381
248,0.8061272184145134,0.6804825879385753,0.32905496950745444
249,1.0215552881544603,-1.5673185475604625,1.28000658985709
250,0.39681388590861466,0.24188724442656787,-1.4539793186481125
251,1.0215552881544603,-1.5673185475604625,-0.27955406751631245
252,0.49375651729159076,0.24188724442656787,-0.9404654436593093
253,0.5045279207785881,0.24188724442656787,-0.8834083464383311
254,1.0215552881544603,-1.5673185475604625,-0.33661116473729064
255,-1.502992404110541,-1.5673185475604625,0.5002262611703886
256,-1.0654041374512742,0.8734645390838582,-0.041816162428903535
257,-1.2727536545759728,0.8734645390838582,-1.4184137280470361
258,-1.502992404110541,-1.5673185475604625,0.6523785204263305
259,-1.502992404110541,-1.5673185475604625,-0.013287613818414652
260,1.0215552881544603,-1.5673185475604625,0.005731418588578077
261,-1.502992404110541,-1.5673185475604625,0.06278851580955626
262,-1.0196256726315354,0.8734645390838582,0.2621079754348399
263,0.5718491925723215,0.24188724442656787,-0.5268014888072177
264,-1.502992404110541,-1.5673185475604625,0.8235498120892646
265,1.0215552881544603,-1.5673185475604625,-1.230505687865948
266,0.679563227442295,0.24188724442656787,0.043769483402563536
267,-1.2539036984737275,0.8734645390838582,-1.293268494809024
268,-1.502992404110541,-1.5673185475604625,1.1278543306011481
269,0.7468844992360284,0.24188724442656787,0.40037634103367686
270,0.7818915605687694,0.24188724442656787,0.5858119070018557
271,0.8061272184145134,0.6804825879385753,1.0137401361591918
272,1.0215552881544603,-1.5673185475604625,0.1388646454375272
273,-1.1785038740647462,0.8734645390838582,-0.7926875618569759
274,-1.0061614182727887,0.8734645390838582,0.3514974277477055
275,1.0215552881544603,-1.5673185475604625,-0.8691440721330866
276,0.37257822806287066,0.24188724442656787,-1.5823577873953134
277,-1.2350537423714822,0.8734645390838582,-1.168123261571012
278,-1.1946609792952423,0.8734645390838582,-0.8999549046324148
279,0.8061272184145134,0.6804825879385753,0.8425688444962574
280,-0.968461506068298,0.8734645390838582,0.6017878942237299
281,0.8061272184145134,0.6804825879385753,0.538264325984374
282,1.0215552881544603,-1.5673185475604625,0.4241501315424177
283,-1.502992404110541,-1.5673185475604625,0.5572833583913668
284,-1.1354182601167568,0.8734645390838582,-0.5066413144558055
285,1.0215552881544603,-1.5673185475604625,-0.6218966508421814
286,1.0215552881544603,-1.5673185475604625,-0.6599347156561668
287,0.8061272184145134,0.6804825879385753,-0.03230664622540738
288,-1.502992404110541,-1.5673185475604625,1.3560827194850607
289,-1.0707898391947728,0.8734645390838582,-0.07757194335405011
290,-0.8822902781723193,0.8734645390838582,1.1738803890260705
291,1.0215552881544603,-1.5673185475604625,-1.1924676230519629
292,0.7576559027230254,0.24188724442656787,0.4574334382546551
293,0.714570288775036,0.24188724442656787,0.22920504937074232
294,-0.9226830412485594,0.8734645390838582,0.9057120320874733
295,-0.936147295607306,0.8734645390838582,0.8163225797746078
296,0.8061272184145134,0.6804825879385753,-1.097372461016999
297,0.8061272184145134,0.6804825879385753,-1.6108863360058023
298,1.0215552881544603,-1.5673185475604625,-0.9071821369470721
299,-0.9926971639140421,0.8734645390838582,0.44088688006057153
300,-1.0250113743750342,0.8734645390838582,0.22635219450969374
301,0.8061272184145134,0.6804825879385753,-1.306581817493919
302,-1.2808322071912208,0.8734645390838582,-1.4720473994347554
303,-1.2969893124217169,0.8734645390838582,-1.5793147422101943
304,0.9326912093867323,0.24188724442656787,1.3846112680955498
305,-1.502992404110541,-1.5673185475604625,1.2039304602291192
306,0.9084555515409883,0.24188724442656787,1.2562327993483489
307,0.8061272184145134,0.6804825879385753,0.5953214232053523
308,-1.3239178211392102,0.8734645390838582,-1.758093646835926
309,-1.3185321193957114,0.8734645390838582,-1.7223378659107798
310,-1.1596539179625007,0.8734645390838582,-0.6675423286189639
311,-0.8338189624808313,0.8734645390838582,1.4956824173523873
312,0.8061272184145134,0.6804825879385753,-0.48876342399323247
313,1.0215552881544603,-1.5673185475604625,1.07079723338017
314,-1.502992404110541,-1.5673185475604625,0.31003593710046173
315,-0.8661331729418232,0.8734645390838582,1.2811477318015094
316,-1.502992404110541,-1.5673185475604625,1.394120784299046
317,0.8061272184145134,0.6804825879385753,-0.9642392341680502
318,0.7441916483642791,0.24188724442656787,0.38611206672843223
319,0.8680627884647483,0.24188724442656787,1.0422686847696812
320,0.8061272184145134,0.6804825879385753,-0.8691440721330866
321,1.0215552881544603,-1.5673185475604625,0.27199787228647626
322,0.9407697620019801,0.24188724442656787,1.4274040910112833
323,0.5799277451875695,0.24188724442656787,-0.48400866589148417
324,0.8061272184145134,0.6804825879385753,-0.6218966508421814
325,0.9569268672324763,0.24188724442656787,1.5129897368427505
326,-1.1219540057580102,0.8734645390838582,-0.4172518621429397
327,0.8922984463104922,0.24188724442656787,1.1706471535168819
328,0.8061272184145134,0.6804825879385753,-0.4317063267722543
329,-0.8742117255570714,0.8734645390838582,1.22751406041379
330,-0.8149690063785859,0.8734645390838582,1.6208276505903991
331,0.8061272184145134,0.6804825879385753,-1.5348102063778315
332,-1.502992404110541,-1.5673185475604625,0.9757020713452064
333,0.8061272184145134,0.6804825879385753,-0.507782456400225
334,1.0215552881544603,-1.5673185475604625,0.5763023907983595
335,-0.7853476467893433,0.8734645390838582,1.817484445678704
336,0.6364776134943055,0.24188724442656787,-0.1844589054813488
337,-1.151575365347253,0.8734645390838582,-0.6139086572312444
338,-1.3912390929329437,0.8734645390838582,-2.2050409084002545
339,0.8088200692862632,0.24188724442656787,0.7284546500543013
340,0.6122419556485617,0.24188724442656787,-0.3128373742285498
341,-1.502992404110541,-1.5673185475604625,0.6333594880193377
342,1.0215552881544603,-1.5673185475604625,-0.8501250397260939
343,1.0215552881544603,-1.5673185475604625,-0.2605350351093197
344,-1.097718347912266,0.8734645390838582,-0.25635084797978136
345,-1.502992404110541,-1.5673185475604625,1.3370636870780679
346,1.0215552881544603,-1.5673185475604625,0.3670930343214395
347,-1.502992404110541,-1.5673185475604625,0.1578836778445199
348,0.7899701131840178,0.24188724442656787,0.6286047299175896
349,0.8061272184145134,0.6804825879385753,0.937664006531221
350,0.6445561661095535,0.24188724442656787,-0.14166608256561525
351,-0.9711543569400474,0.8734645390838582,0.5839100037611566
352,-1.502992404110541,-1.5673185475604625,0.38611206672843223
353,-1.502992404110541,-1.5673185475604625,-0.14642084066736333
354,-1.502992404110541,-1.5673185475604625,-0.22249697029533425
355,0.9219198058997352,0.24188724442656787,1.3275541708745717
356,-1.377774838574197,0.8734645390838582,-2.115651456087389
357,-0.87959742730057,0.8734645390838582,1.1917582794886439
358,1.0215552881544603,-1.5673185475604625,-0.7550298776911303
359,-1.502992404110541,-1.5673185475604625,0.8045307796822723
360,0.8061272184145134,0.6804825879385753,-0.33661116473729064
361,0.5691563417005722,0.24188724442656787,-0.5410657631124624
362,-0.750340585456602,0.8734645390838582,2.049897021692155
363,-1.0303970761185328,0.8734645390838582,0.19059641358454715
364,0.6660989730835482,0.24188724442656787,-0.027551888123658882
365,0.4129709911391108,0.24188724442656787,-1.3683936728166453
366,0.8842198936952443,0.24188724442656787,1.1278543306011481
367,1.0215552881544603,-1.5673185475604625,0.86158787690325
368,0.44797805247185213,0.24188724442656787,-1.1829581068484665
369,0.6714846748270467,0.24188724442656787,0.0009766604868300009
370,1.0215552881544603,-1.5673185475604625,1.1849114278221264
371,0.8734484902082468,0.24188724442656787,1.07079723338017
372,0.8061272184145134,0.6804825879385753,-1.3256008499009118
373,1.0215552881544603,-1.5673185475604625,0.614340455612345
374,1.0215552881544603,-1.5673185475604625,0.8425688444962574
375,-1.1865824266799943,0.8734645390838582,-0.8463212332446953
376,0.6822560783140442,0.24188724442656787,0.058033757707808185
377,-1.1434968127320049,0.8734645390838582,-0.560274985843525
378,-1.1650396197059996,0.8734645390838582,-0.7032981095441101
379,0.9380769111302308,0.24188724442656787,1.4131398167060387
380,1.0215552881544603,-1.5673185475604625,-0.35563019714428334
381,-1.0223185235032848,0.8734645390838582,0.24423008497226661
382,-0.8876759799158179,0.8734645390838582,1.1381246081009244
383,-1.502992404110541,-1.5673185475604625,-0.3936682619582688
384,0.8061272184145134,0.6804825879385753,-1.0783534286100065
385,-1.3831605403176956,0.8734645390838582,-2.1514072370125352
386,-1.502992404110541,-1.5673185475604625,1.1088352981941556
387,-1.3939319438046929,0.8734645390838582,-2.222918798862828
388,-1.502992404110541,-1.5673185475604625,0.7094356176473087
389,1.0215552881544603,-1.5673185475604625,1.0898162657871628
390,1.0215552881544603,-1.5673185475604625,-0.9452202017610575
391,1.0215552881544603,-1.5673185475604625,-1.306581817493919
392,1.0215552881544603,-1.5673185475604625,0.5002262611703886
393,1.0215552881544603,-1.5673185475604625,-1.3256008499009118
394,-1.502992404110541,-1.5673185475604625,1.28000658985709
395,-1.502992404110541,-1.5673185475604625,0.25297883987948355
396,0.36988537719112136,0.24188724442656787,-1.596622061700558
397,-0.9172973395050608,0.8734645390838582,0.9414678130126195
398,0.8061272184145134,0.6804825879385753,0.7664927148682869
399,1.0215552881544603,-1.5673185475604625,-0.12740180826037104
400,-1.502992404110541,-1.5673185475604625,0.614340455612345
401,0.8061272184145134,0.6804825879385753,0.5192452935773814
402,0.4102781402673615,0.24188724442656787,-1.3826579471218898
403,0.6472490169813029,0.24188724442656787,-0.12740180826037104
404,-1.502992404110541,-1.5673185475604625,0.4431691639494104
405,0.464135157702348,0.24188724442656787,-1.097372461016999
406,-0.96038295345305,0.8734645390838582,0.6554215656114494
407,1.0215552881544603,-1.5673185475604625,-0.9262011693540648
408,-1.502992404110541,-1.5673185475604625,-0.12740180826037104
409,0.8061272184145134,0.6804825879385753,-0.9071821369470721
410,-1.502992404110541,-1.5673185475604625,-0.2605350351093197
411,-1.502992404110541,-1.5673185475604625,-0.24151600270232698
412,-0.863440322070074,0.8734645390838582,1.2990256222640824
413,0.9030698497974898,0.24188724442656787,1.22770425073786
414,-1.502992404110541,-1.5673185475604625,0.9566830389382137
415,1.0215552881544603,-1.5673185475604625,0.32905496950745444
416,1.0215552881544603,-1.5673185475604625,-0.22249697029533425
417,-0.9469186990943034,0.8734645390838582,0.7448110179243149
418,0.4749065611893454,0.24188724442656787,-1.040315363796021
419,-0.7287977784826073,0.8734645390838582,2.19292014539274
420,1.0215552881544603,-1.5673185475604625,0.6904165852403159
421,1.0215552881544603,-1.5673185475604625,-0.9832582665750428
422,0.8061272184145134,0.6804825879385753,-0.35563019714428334
423,0.865369937592999,0.24188724442656787,1.0280044104644366
424,0.8061272184145134,0.6804825879385753,-0.22249697029533425
425,0.8061272184145134,0.6804825879385753,1.0898162657871628
426,-1.3723891368306982,0.8734645390838582,-2.0798956751622426
427,0.8061272184145134,0.6804825879385753,-1.17344859064497
428,0.8061272184145134,0.6804825879385753,-0.716991812877145
429,-1.1300325583732582,0.8734645390838582,-0.47088553353065915
430,0.8061272184145134,0.6804825879385753,-1.2875627850869262
431,1.0215552881544603,-1.5673185475604625,0.6713975528333231
432,-1.502992404110541,-1.5673185475604625,1.0517782009731773
433,-0.8499760677113274,0.8734645390838582,1.3884150745769483
434,0.8061272184145134,0.6804825879385753,-1.2685437526799335
435,-1.502992404110541,-1.5673185475604625,0.6904165852403159
436,0.5556920873418254,0.24188724442656787,-0.612387134638685
437,-1.502992404110541,-1.5673185475604625,0.10082658062354172
438,0.4614423068305987,0.24188724442656787,-1.1116367353222436
439,0.8519056832342521,0.24188724442656787,0.9566830389382137
440,-1.256596549345477,0.8734645390838582,-1.3111463852715972
441,0.8061272184145134,0.6804825879385753,-0.12740180826037104
442,1.0215552881544603,-1.5673185475604625,-0.8881631045400793
443,0.8061272184145134,0.6804825879385753,-1.4016769795288826
444,-1.2673679528324742,0.8734645390838582,-1.3826579471218898
445,-1.502992404110541,-1.5673185475604625,0.3670930343214395
446,0.6257062100073082,0.24188724442656787,-0.24151600270232698
447,0.8249771745167588,0.24188724442656787,0.8140402958857684
448,0.8061272184145134,0.6804825879385753,-1.4587340767498609
449,0.7361130957490307,0.24188724442656787,0.3433192438126987
450,0.8061272184145134,0.6804825879385753,-1.363638914714897
451,1.0215552881544603,-1.5673185475604625,0.31003593710046173
452,0.9192269550279855,0.24188724442656787,1.313289896569327
453,0.8061272184145134,0.6804825879385753,0.9947211037521991
454,0.8061272184145134,0.6804825879385753,0.11984561303053445
455,-1.353539180728453,0.8734645390838582,-1.9547504419242305
456,-1.502992404110541,-1.5673185475604625,0.024750450995570807
457,-1.305067865036965,0.8734645390838582,-1.6329484135979138
458,0.8788341919517458,0.24188724442656787,1.099325781990659
459,0.655327569596551,0.24188724442656787,-0.08460898534463707
460,-1.502992404110541,-1.5673185475604625,0.27199787228647626
461,-1.502992404110541,-1.5673185475604625,0.7474736824612941
462,1.0215552881544603,-1.5673185475604625,1.0137401361591918
463,0.9111484024127376,0.24188724442656787,1.2704970736535934
464,-0.9253758921203087,0.8734645390838582,0.8878341416249
465,0.8061272184145134,0.6804825879385753,-1.1924676230519629
466,-1.369696285958949,0.8734645390838582,-2.0620177846996697
467,0.6607132713400495,0.24188724442656787,-0.056080436734148184
468,0.8115129201580125,0.24188724442656787,0.7427189243595456
469,-0.976540058683546,0.8734645390838582,0.5481542228360105
470,1.0215552881544603,-1.5673185475604625,-1.2114866554589554
471,0.8061272184145134,0.6804825879385753,-0.1083827758533783
472,0.816898621901511,0.24188724442656787,0.7712474729700349
473,0.8492128323625028,0.24188724442656787,0.942418764632969
474,-0.8365118133525806,0.8734645390838582,1.4778045268898141
475,-0.7314906293543565,0.8734645390838582,2.1750422549301667
476,0.8061272184145134,0.6804825879385753,-0.1844589054813488
477,-1.502992404110541,-1.5673185475604625,0.4621881963564031
478,-0.8203547081220846,0.8734645390838582,1.5850718696652533
479,1.0215552881544603,-1.5673185475604625,-0.08936374344638556
480,-0.8418975150960794,0.8734645390838582,1.4420487459646678
481,-1.3508463298567037,0.8734645390838582,-1.9368725514616574
482,0.8061272184145134,0.6804825879385753,0.8996259417172355
483,1.0215552881544603,-1.5673185475604625,1.3180446546710751
484,0.49644936816334007,0.24188724442656787,-0.9262011693540648
485,1.0215552881544603,-1.5673185475604625,0.2149407750654981
486,-1.00077571652929,0.8734645390838582,0.38725320867285207
487,1.0215552881544603,-1.5673185475604625,0.7284546500543013
488,0.5314564294960814,0.24188724442656787,-0.7407656033858858
489,1.0215552881544603,-1.5673185475604625,0.291016904693469
490,1.0215552881544603,-1.5673185475604625,-0.7930679425051157
491,0.8061272184145134,0.6804825879385753,1.0327591685661845
492,-1.0950254970405169,0.8734645390838582,-0.23847295751720807
493,1.0215552881544603,-1.5673185475604625,0.9947211037521991
494,0.8061272184145134,0.6804825879385753,-0.8120869749121085
495,0.7064917361597882,0.24188724442656787,0.1864122264550088
496,-1.2323608914997328,0.8734645390838582,-1.150245371108439
497,1.0215552881544603,-1.5673185475604625,-1.2685437526799335
498,0.8061272184145134,0.6804825879385753,-0.8501250397260939
499,-1.0465541813490287,0.8734645390838582,0.08332907080910824
500,0.8061272184145134,0.6804825879385753,-0.3936682619582688
501,0.5529992364700761,0.24188724442656787,-0.6266514089439295
502,0.8061272184145134,0.6804825879385753,-0.2605350351093197
503,0.5610777890853241,0.24188724442656787,-0.5838585860281958
504,0.7657344553382738,0.24188724442656787,0.5002262611703886
505,0.9434626128737299,0.24188724442656787,1.441668365316528
506,0.8465199814907536,0.24188724442656787,0.9281544903277248
507,-1.502992404110541,-1.5673185475604625,-0.33661116473729064
508,0.9488483146172285,0.24188724442656787,1.470196913927017
509,1.0215552881544603,-1.5673185475604625,1.3560827194850607
510,-1.0788683918100208,0.8734645390838582,-0.13120561474176956
511,0.43720664898485473,0.24188724442656787,-1.2400152040694443
512,1.0215552881544603,-1.5673185475604625,-1.2875627850869262
513,0.8061272184145134,0.6804825879385753,-1.230505687865948
514,-0.774576243302346,0.8734645390838582,1.8889960075289964
515,0.7872772623122685,0.24188724442656787,0.614340455612345
516,0.8061272184145134,0.6804825879385753,0.8045307796822723
517,-1.2700608037042236,0.8734645390838582,-1.400535837584463
518,-0.855361769454826,0.8734645390838582,1.3526592936518018
519,-1.1919681284234929,0.8734645390838582,-0.8820770141698417
520,0.8061272184145134,0.6804825879385753,0.7284546500543013
521,1.0215552881544603,-1.5673185475604625,0.7664927148682869
522,-1.1192611548862608,0.8734645390838582,-0.39937397168036665
523,1.0215552881544603,-1.5673185475604625,0.34807400191444676
524,-1.502992404110541,-1.5673185475604625,1.07079723338017
525,-1.502992404110541,-1.5673185475604625,0.043769483402563536
526,-1.2269751897562342,0.8734645390838582,-1.1144895901832925
527,1.0215552881544603,-1.5673185475604625,1.1088352981941556
528,-0.8122761555068366,0.8734645390838582,1.6387055410529727
529,-1.502992404110541,-1.5673185475604625,0.19592174265850537
530,0.5395349821113294,0.24188724442656787,-0.6979727804701522
531,0.8061272184145134,0.6804825879385753,1.1088352981941556
532,-1.2135109353974876,0.8734645390838582,-1.0251001378704268
533,1.0215552881544603,-1.5673185475604625,-0.5268014888072177
534,0.6687918239552973,0.24188724442656787,-0.013287613818414652
535,0.8061272184145134,0.6804825879385753,-0.27955406751631245
536,1.0215552881544603,-1.5673185475604625,0.40513109913542494
537,0.4425923507283533,0.24188724442656787,-1.2114866554589554
538,-1.2835250580629705,0.8734645390838582,-1.4899252898973288
539,0.7953558149275163,0.24188724442656787,0.6571332785280786
540,0.8061272184145134,0.6804825879385753,1.0517782009731773
541,0.8061272184145134,0.6804825879385753,0.614340455612345
542,0.5341492803678309,0.24188724442656787,-0.7265013290806414
543,0.8061272184145134,0.6804825879385753,-0.16543987307435606
544,-0.8903688307875673,0.8734645390838582,1.120246717638351
545,1.0215552881544603,-1.5673185475604625,0.9566830389382137
546,0.7199559905185351,0.24188724442656787,0.25773359798123163
547,-1.321224970267461,0.8734645390838582,-1.7402157563733527
548,-1.502992404110541,-1.5673185475604625,0.4812072287633959
549,1.0215552881544603,-1.5673185475604625,-1.040315363796021
550,0.7011060344162897,0.24188724442656787,0.1578836778445199
551,1.0215552881544603,-1.5673185475604625,1.1658923954151337
552,-0.9953900147857915,0.8734645390838582,0.42300898959799826
553,0.6095491047768121,0.24188724442656787,-0.3271016485337945
554,0.7495773501077776,0.24188724442656787,0.41464061533892155
555,-1.049247032220778,0.8734645390838582,0.06545118034653537
556,1.0215552881544603,-1.5673185475604625,-0.37464922955127605
557,0.8061272184145134,0.6804825879385753,-0.013287613818414652
558,0.47221371031759607,0.24188724442656787,-1.0545796381012655
559,-0.8984473834028153,0.8734645390838582,1.0666130462506318
560,0.8061272184145134,0.6804825879385753,0.25297883987948355
561,1.0215552881544603,-1.5673185475604625,1.2419685250431045
562,-1.502992404110541,-1.5673185475604625,0.291016904693469
563,-1.1408039618602555,0.8734645390838582,-0.5423970953809517
564,0.407585289395612,0.24188724442656787,-1.3969222214271344
565,0.8061272184145134,0.6804825879385753,1.1849114278221264
566,-1.502992404110541,-1.5673185475604625,0.9947211037521991
567,-0.847283216839578,0.8734645390838582,1.4062929650395213
568,-0.9576901025813007,0.8734645390838582,0.6732994560740222
569,1.0215552881544603,-1.5673185475604625,-0.16543987307435606
570,0.8061272184145134,0.6804825879385753,0.043769483402563536
571,0.8061272184145134,0.6804825879385753,-1.5918673035988096
572,-1.502992404110541,-1.5673185475604625,1.1658923954151337
573,-0.8526689185830767,0.8734645390838582,1.3705371841143752
574,-0.9415329973508048,0.8734645390838582,0.7805667988494611
575,-0.8015047520198393,0.8734645390838582,1.7102171029032651
576,-1.033089926990282,0.8734645390838582,0.17271852312197428
577,-0.782654795917594,0.8734645390838582,1.835362336141277
578,0.7603487535947747,0.24188724442656787,0.47169771255989973
579,0.488370815548092,0.24188724442656787,-0.9689939922697983
580,0.8061272184145134,0.6804825879385753,0.4241501315424177
581,-0.9819257604270447,0.8734645390838582,0.5123984419108639
582,1.0215552881544603,-1.5673185475604625,0.8996259417172355
583,-1.502992404110541,-1.5673185475604625,-0.05132567863240011
584,0.8061272184145134,0.6804825879385753,-1.1163914934239918
585,0.8061272184145134,0.6804825879385753,-1.4397150443428681
586,0.8061272184145134,0.6804825879385753,0.6904165852403159
587,0.4695208594458468,0.24188724442656787,-1.06884391240651
588,0.5933919995463162,0.24188724442656787,-0.4126872943652615
589,0.8061272184145134,0.6804825879385753,0.6523785204263305
590,0.8061272184145134,0.6804825879385753,0.34807400191444676
591,0.9461554637454792,0.24188724442656787,1.4559326396217722
592,0.8061272184145134,0.6804825879385753,0.1578836778445199
593,0.3752710789346199,0.24188724442656787,-1.5680935130900686
594,-1.0034685674010395,0.8734645390838582,0.3693753182102788
595,0.8061272184145134,0.6804825879385753,-0.6599347156561668
596,-1.2592894002172261,0.8734645390838582,-1.3290242757341704
597,-0.9496115499660527,0.8734645390838582,0.7269331274617417
598,0.40219958765211344,0.24188724442656787,-1.4254507700376233
599,0.6391704643660548,0.24188724442656787,-0.17019463117610456
600,-0.9980828656575408,0.8734645390838582,0.40513109913542494
601,0.5960848504180655,0.24188724442656787,-0.3984230200600169
602,-0.8930616816593167,0.8734645390838582,1.1023688271757779
603,1.0215552881544603,-1.5673185475604625,0.538264325984374
604,0.8061272184145134,0.6804825879385753,-0.5268014888072177
605,0.6014705521615643,0.24188724442656787,-0.36989447144952803
606,0.8061272184145134,0.6804825879385753,0.23395980747249082
607,-0.823047558993834,0.8734645390838582,1.5671939792026797
608,-1.0115471200162873,0.8734645390838582,0.31574164682255934
609,-0.9065259360180634,0.8734645390838582,1.0129793748629123
610,-1.264675101960725,0.8734645390838582,-1.3647800566593167
611,0.5126064733938362,0.24188724442656787,-0.8406155235225975
612,0.39412103503686535,0.24188724442656787,-1.468243592953357
613,0.9003769989257405,0.24188724442656787,1.2134399764326154
614,-1.502992404110541,-1.5673185475604625,1.2990256222640824
615,1.0215552881544603,-1.5673185475604625,-0.6789537480631596
616,-1.0734826900665222,0.8734645390838582,-0.09544983381662299
617,-1.146189663603754,0.8734645390838582,-0.578152876306098
618,0.8061272184145134,0.6804825879385753,-1.4967721415638462
619,1.0215552881544603,-1.5673185475604625,1.0327591685661845
620,-1.3104535667804635,0.8734645390838582,-1.6687041945230603
621,-0.903833085146314,0.8734645390838582,1.0308572653254855
622,0.954234016360727,0.24188724442656787,1.4987254625375062
623,-1.0088542691445381,0.8734645390838582,0.33361953728513266
624,0.8061272184145134,0.6804825879385753,-1.0593343962030137
625,0.8061272184145134,0.6804825879385753,-0.4697443915862397
626,0.6634061222117988,0.24188724442656787,-0.041816162428903535
627,0.7414987974925298,0.24188724442656787,0.371847792423188
628,0.8061272184145134,0.6804825879385753,-0.8881631045400793
629,-1.1569610670907515,0.8734645390838582,-0.6496644381563906
630,-1.2781393563194716,0.8734645390838582,-1.4541695089721824
631,0.8061272184145134,0.6804825879385753,-0.8311060073191011
632,-1.2054323827822393,0.8734645390838582,-0.9714664664827073
633,1.0215552881544603,-1.5673185475604625,0.8045307796822723
634,-1.502992404110541,-1.5673185475604625,0.6713975528333231
635,-0.7799619450458446,0.8734645390838582,1.8532402266038506
636,1.0215552881544603,-1.5673185475604625,-0.6028776184351886
637,-1.3319963737544582,0.8734645390838582,-1.8117273182236455
638,-0.7395691819696046,0.8734645390838582,2.121408583542447
639,0.6984131835445404,0.24188724442656787,0.14361940353927527
640,-0.8769045764288206,0.8734645390838582,1.2096361699512168
641,0.8061272184145134,0.6804825879385753,-0.4126872943652615
642,0.6418633152378042,0.24188724442656787,-0.1559303568708599
643,0.5422278329830788,0.24188724442656787,-0.6837085061649076
644,1.0215552881544603,-1.5673185475604625,-1.0212963313890282
645,-1.3454606281132049,0.8734645390838582,-1.901116770536511
646,-1.1838895758082446,0.8734645390838582,-0.8284433427821223
647,-1.2996821632934663,0.8734645390838582,-1.5971926326727677
648,-1.502992404110541,-1.5673185475604625,1.2609875574500973
649,-1.0384756287337806,0.8734645390838582,0.1369627421968277
650,0.4829851138045934,0.24188724442656787,-0.9975225408802875
651,0.8222843236450096,0.24188724442656787,0.7997760215805237
652,-0.7988119011480899,0.8734645390838582,1.728094993365838
653,0.8061272184145134,0.6804825879385753,-0.7360108452841375
654,0.590699148674567,0.24188724442656787,-0.426951568670506
655,-1.1811967249364954,0.8734645390838582,-0.8105654523195489
656,0.8061272184145134,0.6804825879385753,-0.5458205212142104
657,-0.9334544447355566,0.8734645390838582,0.8342004702371806
658,1.0215552881544603,-1.5673185475604625,-0.05132567863240011
659,-0.83920466422433,0.8734645390838582,1.4599266364272407
660,-1.2889107598064689,0.8734645390838582,-1.5256810708224748
661,0.8061272184145134,0.6804825879385753,-0.9832582665750428
662,0.8061272184145134,0.6804825879385753,0.38611206672843223
663,0.8061272184145134,0.6804825879385753,0.7855117472752795
664,1.0215552881544603,-1.5673185475604625,0.6523785204263305
665,-1.502992404110541,-1.5673185475604625,1.3751017518920532
666,0.889605595438743,0.24188724442656787,1.156382879211637
667,-1.154268216219002,0.8734645390838582,-0.6317865476938175
668,-1.502992404110541,-1.5673185475604625,-0.07034471103939284
669,0.8142057710297618,0.24188724442656787,0.7569831986647902
670,-0.7422620328413538,0.8734645390838582,2.103530693079874
671,0.7980486657992656,0.24188724442656787,0.6713975528333231
672,0.8061272184145134,0.6804825879385753,0.5002262611703886
673,0.5880062978028174,0.24188724442656787,-0.4412158429757506
674,-1.2619822510889758,0.8734645390838582,-1.3469021661967435
675,0.7738130079535216,0.24188724442656787,0.5430190840861221
676,-1.1138754531427622,0.8734645390838582,-0.3636181907552202
677,0.6068562539050628,0.24188724442656787,-0.3413659228390387
678,0.8815270428234951,0.24188724442656787,1.1135900562959036
679,0.8061272184145134,0.6804825879385753,0.3670930343214395
680,0.8061272184145134,0.6804825879385753,-0.5648395536212032
681,-1.502992404110541,-1.5673185475604625,1.146873363008141
682,0.8061272184145134,0.6804825879385753,0.8806069093102428
683,1.0215552881544603,-1.5673185475604625,1.3370636870780679
684,1.0215552881544603,-1.5673185475604625,-1.0783534286100065
685,1.0215552881544603,-1.5673185475604625,0.7474736824612941
686,0.39950673678036414,0.24188724442656787,-1.4397150443428681
687,0.8061272184145134,0.6804825879385753,0.7474736824612941
